-- phpMyAdmin SQL Dump
-- version 4.4.1.1
-- http://www.phpmyadmin.net
--
-- Host: localhost:3306
-- Generation Time: 2015 年 9 月 14 日 09:16
-- サーバのバージョン： 5.5.42
-- PHP Version: 5.6.7

SET SQL_MODE = "NO_AUTO_VALUE_ON_ZERO";
SET time_zone = "+00:00";


/*!40101 SET @OLD_CHARACTER_SET_CLIENT=@@CHARACTER_SET_CLIENT */;
/*!40101 SET @OLD_CHARACTER_SET_RESULTS=@@CHARACTER_SET_RESULTS */;
/*!40101 SET @OLD_COLLATION_CONNECTION=@@COLLATION_CONNECTION */;
/*!40101 SET NAMES utf8 */;

--
-- Database: `jobhunt2`
--

-- --------------------------------------------------------

--
-- テーブルの構造 `advice`
--

CREATE TABLE `advice` (
  `id` int(11) NOT NULL,
  `advice` text NOT NULL
) ENGINE=InnoDB AUTO_INCREMENT=30 DEFAULT CHARSET=utf8;

--
-- テーブルのデータのダンプ `advice`
--

INSERT INTO `advice` (`id`, `advice`) VALUES
(1, 'あんなに愛した女を憎むわけないだろ…？\r\n全部…許してやる…\r\nだから…生きて帰ってきてほしい…'),
(5, '男女の仲というのは、夕食を二人っきりで三度して、それでどうにかならなかったときはあきらめろ。'),
(6, '二度と会いたくない男には、こうおっしゃい。 「愛しています。結婚して下さい。子供が欲しいのです」と。 男は車を急発進させて逃げていくでしょう。'),
(7, '愛することによって失うものは何もない。しかし、愛することを怖がっていたら、何も得られない。'),
(8, '誰かを愛して誰かを失った人は、何も失っていない人よりも美しい。'),
(9, '彼女は彼のことを愛そうを思えば愛せたのに、彼のことをよく知っていたのでどうしても愛せなかった。'),
(10, '過ぎ去った恋の思い出は、それが強く記憶にとどまっている時には、 恋をしていた時にも劣らず魂を奪うものである。'),
(11, '二人の人間が愛し合えば、ハッピーエンドはあり得ない。'),
(12, '愛する事を教えてくれたあなた。今度は忘れる事を教えて下さい。'),
(13, '女の行動に理由なんかないわ。男は理由を求めて恋を失うのよ。'),
(14, '恋には経験というものはない。 なぜなら、そのときにはもう恋していないのだから。'),
(15, '誰にだってあるんだよ、人には言えない苦しみが。\r\n誰にだってあるんだよ、人には言えない悲しみが。\r\nただ、黙っているだけなんだよ、言えば愚痴になるから。'),
(16, '恋の終わりは、自分から立ち去ること。'),
(17, '女の性格がわかるのは恋が始まる時ではないわ。 恋が終わる時よ。'),
(18, '愛してその人を得ることは最上である・・・ 愛してその人を失うことはその次によい。'),
(19, '別れる男に、花の名を１つ教えておきなさい。\r\n花は毎年必ず咲きます。'),
(20, '失望に終わった恋は、次の恋に対するちょっとした免疫になる。'),
(21, 'これだけは、覚えておきなさい。何もかも失ったと思える瞬間でさえ、あなたの未来は残っているということを。'),
(22, '女性が綺麗になる方法は二つあります。 「いい恋をすること」と「悪い恋をやめてしまうこと」です。'),
(23, '枯れない花はないが、咲かない花はある。'),
(24, '忘れたいものは絶対に忘れられないんです。'),
(25, '女と別れるごとに、自分の中でなにかが死ぬのを感じた。'),
(26, '何となく好きで、その時は好きだとも言わなかった人のほうが、いつまでも懐かしいのね。忘れられないのね｡ 別れた後ってそうらしいわ。'),
(27, '失恋って、当の本人は苦しい苦しいと言っているけれど､本当は終わった恋をいつまでも思い出して楽しんでいるようなところがあると思う｡本当に苦しいなら、一秒でも早く忘れる努力をするはずだから。'),
(28, '恋愛は幸福を殺し、幸福は恋愛を殺す。'),
(29, 'あんなに愛した女を憎むわけないだろ…？\r\n全部…許してやる…\r\nだから…生きて帰ってきてほしい…');

-- --------------------------------------------------------

--
-- テーブルの構造 `answers`
--

CREATE TABLE `answers` (
  `id` int(11) NOT NULL,
  `answer` varchar(30) COLLATE utf8_unicode_ci NOT NULL,
  `question_id` int(11) NOT NULL,
  `post_id` int(11) NOT NULL,
  `member_name` varchar(30) COLLATE utf8_unicode_ci NOT NULL
) ENGINE=InnoDB AUTO_INCREMENT=36 DEFAULT CHARSET=utf8 COLLATE=utf8_unicode_ci;

--
-- テーブルのデータのダンプ `answers`
--

INSERT INTO `answers` (`id`, `answer`, `question_id`, `post_id`, `member_name`) VALUES
(1, 'a', 0, 14, '谷口恵介'),
(2, 'k', 0, 14, '谷口恵介'),
(3, 'k', 0, 14, '谷口恵介'),
(4, 's', 0, 19, '荒木健太'),
(5, 'a', 0, 19, '荒木健太'),
(6, 'とらい', 0, 19, '荒木健太'),
(7, 's', 0, 20, '谷口恵介'),
(8, '志望動機', 0, 21, '谷口恵介'),
(9, '練習', 0, 0, '山下'),
(10, '練習', 0, 0, '山下'),
(11, 'h', 0, 0, '山下'),
(12, 'h', 24, 0, '山下'),
(13, 'a', 24, 0, '山下'),
(14, 'なんとかなるんじゃない', 24, 0, '山下'),
(15, 'k', 25, 0, '山下'),
(16, '実験', 25, 0, '山下'),
(17, 'k', 26, 0, '山下'),
(18, 'A型です', 26, 0, '山下'),
(19, '改善', 23, 0, '谷口恵介'),
(20, 'あ', 27, 0, '山下'),
(21, 's', 37, 0, '荒木健太'),
(22, 'e', 37, 0, '荒木健太'),
(23, 'e', 37, 0, '荒木健太'),
(24, 'e', 37, 0, '荒木健太'),
(25, 'd', 37, 0, '荒木健太'),
(26, 'd', 37, 0, '荒木健太'),
(27, 'd', 37, 0, '荒木健太'),
(28, '坂巻', 38, 0, '坂巻'),
(29, 'a', 39, 0, 'a'),
(30, 'kk', 39, 0, 'a'),
(31, 'どういたしまして', 41, 0, 'a'),
(32, '練習1', 41, 0, 'a'),
(33, '練習1\r\n', 39, 0, 'a'),
(34, '練習2', 41, 0, 'a'),
(35, '成功', 42, 0, '浜田');

-- --------------------------------------------------------

--
-- テーブルの構造 `companies`
--

CREATE TABLE `companies` (
  `id` int(11) NOT NULL,
  `name` varchar(32) COLLATE utf8_unicode_ci NOT NULL,
  `url` varchar(120) COLLATE utf8_unicode_ci NOT NULL
) ENGINE=InnoDB AUTO_INCREMENT=23 DEFAULT CHARSET=utf8 COLLATE=utf8_unicode_ci;

--
-- テーブルのデータのダンプ `companies`
--

INSERT INTO `companies` (`id`, `name`, `url`) VALUES
(14, 'ファンコミュニケーションズ', 'http://jobtalk.jp/company/481_about.html'),
(17, 'j', ''),
(18, 'k', ''),
(19, 'ã‚¢ãƒ‰ã‚¦ã‚§ã‚¤ã‚º', ''),
(20, 'ã‚µã‚¤ãƒãƒ¼ã‚¨ãƒ¼ã‚¸ã‚§ãƒ³ãƒˆ', ''),
(21, 'ããã¡', ''),
(22, 'ã‚¤ãƒ³ã‚¿ãƒ¼ã‚¹ãƒšãƒ¼ã‚¹', '');

-- --------------------------------------------------------

--
-- テーブルの構造 `company_member_records`
--

CREATE TABLE `company_member_records` (
  `id` int(11) NOT NULL,
  `company_id` int(11) NOT NULL,
  `member_id` int(11) NOT NULL
) ENGINE=InnoDB AUTO_INCREMENT=22 DEFAULT CHARSET=utf8 COLLATE=utf8_unicode_ci;

--
-- テーブルのデータのダンプ `company_member_records`
--

INSERT INTO `company_member_records` (`id`, `company_id`, `member_id`) VALUES
(1, 2, 6),
(7, 1, 3),
(8, 3, 3),
(9, 1, 6),
(11, 0, 6),
(12, 6, 6),
(13, 6, 6),
(14, 6, 3),
(15, 6, 3),
(16, 2, 7),
(17, 2, 8),
(18, 6, 8),
(19, 3, 8),
(20, 1, 8),
(21, 2, 9);

-- --------------------------------------------------------

--
-- テーブルの構造 `kotoba`
--

CREATE TABLE `kotoba` (
  `id` int(11) NOT NULL,
  `kotoba` text NOT NULL
) ENGINE=InnoDB AUTO_INCREMENT=26 DEFAULT CHARSET=utf8;

--
-- テーブルのデータのダンプ `kotoba`
--

INSERT INTO `kotoba` (`id`, `kotoba`) VALUES
(1, 'いまの僕には勢いがある'),
(2, '心が痛い日だってそりゃあるわ。'),
(3, '飲め！'),
(4, 'そのうち　そのうち　べんかいしながら日がくれる'),
(5, '決して屈するな。決して、決して、決して！  Never, never, never, never give up.'),
(6, '準備しておこう。チャンスはいつか訪れるものだ。  I will prepare and some day my chance will come.'),
(7, '主人は無理をいうなるものと知れ。'),
(8, 'どんなに暗くても、星は輝いている。  When it is dark enough, you can see the stars.'),
(9, '希望のために扉はいつも開けておきましょう。'),
(10, '失敗は回り道。行き止まりではない。  Failure is a detour, not a dead-end street.'),
(11, '解決できない問題なんてないさ。'),
(12, '苦しいか？修造！笑え！'),
(13, 'love sincerer than the love of food.'),
(14, '人の世に失敗ちゅうことは、ありゃせんぞ。'),
(15, '崖っぷちありがとう！最高だ！'),
(16, '笑われて　笑われて　つよくなる'),
(17, 'どこでプレーしても俺の成長はあるわけで。'),
(18, '元気が一番、元気があれば何でもできる！'),
(19, '私を会員にするようなクラブには入りたくない。'),
(20, 'くすぶるな、燃えあがれ。'),
(21, '雲の向こうは、いつも青空。'),
(22, 'ルイーザ・メイ・オルコット（米国の女性小説家 / 1832～1888）'),
(23, '明るい方へ　明るい方へ'),
(24, 'おまえの終わり方は、なんとなくフィニッシュだ！'),
(25, '僕の役目はホームランを打つことだ。');

-- --------------------------------------------------------

--
-- テーブルの構造 `posts`
--

CREATE TABLE `posts` (
  `id` int(11) NOT NULL,
  `message` text CHARACTER SET utf8 NOT NULL,
  `company_id` int(11) NOT NULL,
  `member_name` varchar(11) COLLATE utf8_unicode_ci NOT NULL,
  `reply_post_id` int(11) NOT NULL,
  `created` datetime NOT NULL,
  `modified` timestamp NOT NULL DEFAULT CURRENT_TIMESTAMP ON UPDATE CURRENT_TIMESTAMP
) ENGINE=InnoDB AUTO_INCREMENT=106 DEFAULT CHARSET=utf8 COLLATE=utf8_unicode_ci;

--
-- テーブルのデータのダンプ `posts`
--

INSERT INTO `posts` (`id`, `message`, `company_id`, `member_name`, `reply_post_id`, `created`, `modified`) VALUES
(1, '最終選考でまさかの落選', 0, '0', 0, '0000-00-00 00:00:00', '2015-06-17 07:44:52'),
(2, 'もう同じ間違いは絶対にしない', 0, '0', 0, '0000-00-00 00:00:00', '2015-06-18 14:31:43'),
(3, 'あ', 0, '0', 0, '0000-00-00 00:00:00', '2015-06-20 15:00:31'),
(4, 'サービス開発', 0, '0', 0, '0000-00-00 00:00:00', '2015-06-20 15:30:40'),
(5, 'あ', 0, '0', 0, '0000-00-00 00:00:00', '2015-06-21 06:51:21'),
(6, 'k', 0, '0', 0, '0000-00-00 00:00:00', '2015-06-21 13:20:54'),
(19, 'あ', 2, '谷口恵介', 0, '0000-00-00 00:00:00', '2015-06-25 06:00:24'),
(20, '荒木です', 2, '荒木健太', 0, '0000-00-00 00:00:00', '2015-06-25 06:12:22'),
(21, '結果がきになる', 2, '荒木健太', 0, '0000-00-00 00:00:00', '2015-06-25 06:16:00'),
(22, 'あ', 2, '谷口恵介', 0, '0000-00-00 00:00:00', '2015-06-25 07:52:09'),
(23, '面接中', 14, '谷口恵介', 0, '0000-00-00 00:00:00', '2015-06-25 09:31:37'),
(24, 'あ', 14, '谷口恵介', 0, '0000-00-00 00:00:00', '2015-06-25 09:32:44'),
(25, 'あ', 14, '荒木健太', 0, '0000-00-00 00:00:00', '2015-06-25 09:33:18'),
(26, 'あ', 14, '荒木健太', 0, '0000-00-00 00:00:00', '2015-06-25 09:39:35'),
(27, '４', 2, '谷口恵介', 0, '0000-00-00 00:00:00', '2015-06-25 10:04:52'),
(28, 'どうやったら掲載をボタンかできるのだろうか？', 2, '谷口恵介', 0, '0000-00-00 00:00:00', '2015-06-25 11:52:05'),
(29, 'あとこのままじゃ横に長い内容になってしまう', 2, '谷口恵介', 0, '0000-00-00 00:00:00', '2015-06-25 11:52:43'),
(30, 'HTMLやんないと', 2, '谷口恵介', 0, '0000-00-00 00:00:00', '2015-06-25 12:04:06'),
(31, 's', 2, '谷口恵介', 0, '0000-00-00 00:00:00', '2015-06-25 14:36:41'),
(32, 'あ', 1, '谷口恵介', 0, '0000-00-00 00:00:00', '2015-06-25 14:39:45'),
(33, 'ああああああああああああああああああああ', 2, '谷口恵介', 0, '0000-00-00 00:00:00', '2015-06-25 15:30:23'),
(34, 'あ', 0, '谷口恵介', 0, '0000-00-00 00:00:00', '2015-06-25 15:32:28'),
(35, '今までで一番落ちたと自覚できた面接でした。伝えなきゃいけないこと伝えられず。。。笑', 14, '谷口恵介', 0, '0000-00-00 00:00:00', '2015-06-25 15:44:15'),
(36, 'ふうううううううう', 1, '谷口恵介', 0, '0000-00-00 00:00:00', '2015-06-25 15:51:03'),
(37, 'l', 2, '谷口恵介', 0, '0000-00-00 00:00:00', '2015-06-26 04:06:10'),
(39, 'ああああ', 2, '谷口恵介', 0, '0000-00-00 00:00:00', '2015-06-26 15:01:47'),
(40, 'あ', 2, '谷口恵介', 0, '0000-00-00 00:00:00', '2015-06-26 16:03:39'),
(41, 'ええれえええ', 2, '谷口恵介', 0, '0000-00-00 00:00:00', '2015-06-27 11:08:58'),
(42, 'アライドアーキテクツ', 1, '荒木健太', 0, '0000-00-00 00:00:00', '2015-06-27 12:45:46'),
(43, 'うまくいかねーよ', 2, '荒木健太', 0, '0000-00-00 00:00:00', '2015-06-29 06:45:13'),
(44, '企業探さないと。がーーーーーーーーーーーーーーーーーーーーーーーーーーーーーーん', 2, '荒木健太', 0, '0000-00-00 00:00:00', '2015-06-29 09:42:20'),
(45, 'a', 2, '谷口恵介', 0, '0000-00-00 00:00:00', '2015-07-02 04:51:12'),
(46, 'どうなる？', 2, '谷口恵介', 0, '0000-00-00 00:00:00', '2015-07-06 08:18:40'),
(47, 'どうなる？', 2, '谷口恵介', 0, '0000-00-00 00:00:00', '2015-07-06 08:22:25'),
(48, 'try', 2, '谷口恵介', 0, '0000-00-00 00:00:00', '2015-07-06 09:16:15'),
(49, 'try', 2, '谷口恵介', 0, '0000-00-00 00:00:00', '2015-07-06 16:12:46'),
(50, 'リレーション成功したみたい\r\n', 2, '谷口恵介', 0, '0000-00-00 00:00:00', '2015-07-19 07:01:09'),
(51, '別の企業名でもでた。企業別ではなくすべて表示されてしまっている\r\n', 1, '谷口恵介', 0, '0000-00-00 00:00:00', '2015-07-19 07:02:18'),
(52, 'リレーションを用いてなんとかできた。\r\n次はページだ', 1, '谷口恵介', 0, '0000-00-00 00:00:00', '2015-07-19 07:11:28'),
(53, 'ただいま改良中', 2, '谷口恵介', 0, '0000-00-00 00:00:00', '2015-07-19 08:08:10'),
(54, 'ページ機能実装できた\r\n', 2, '谷口恵介', 0, '0000-00-00 00:00:00', '2015-07-21 15:41:50'),
(55, 'ページ定義がぬけた\r\n', 2, '谷口恵介', 0, '0000-00-00 00:00:00', '2015-07-21 15:44:34'),
(56, 'ページ定義がぬけた\r\n', 2, '谷口恵介', 0, '0000-00-00 00:00:00', '2015-07-21 15:45:29'),
(57, 'ページ定義がぬけた\r\n', 2, '谷口恵介', 0, '0000-00-00 00:00:00', '2015-07-21 15:46:01'),
(58, '成功した。', 2, '谷口恵介', 0, '0000-00-00 00:00:00', '2015-07-21 15:46:19'),
(59, 'やっぱりプログラミングは面白い。書いている間に新しいアイデアが生まれてくる', 2, '谷口恵介', 0, '0000-00-00 00:00:00', '2015-07-21 15:47:59'),
(60, 'w\r\n', 2, '谷口恵介', 0, '0000-00-00 00:00:00', '2015-08-07 10:21:39'),
(61, 'ポイント追加できるのか？', 2, '山下', 0, '0000-00-00 00:00:00', '2015-08-07 23:12:58'),
(62, 'ポイント追加できるのか？', 2, '山下', 0, '0000-00-00 00:00:00', '2015-08-07 23:15:32'),
(63, 'これでどうだ', 2, '山下', 0, '0000-00-00 00:00:00', '2015-08-07 23:58:27'),
(64, 'うまくいかず', 2, '山下', 0, '0000-00-00 00:00:00', '2015-08-08 00:00:18'),
(65, 'もう一度', 2, '山下', 0, '0000-00-00 00:00:00', '2015-08-08 00:02:01'),
(66, 'idが一致しないせいかも', 2, '山下', 0, '0000-00-00 00:00:00', '2015-08-08 00:03:05'),
(67, 'a', 2, '山下', 0, '0000-00-00 00:00:00', '2015-08-08 09:46:16'),
(68, 'w', 2, '山下', 0, '0000-00-00 00:00:00', '2015-08-08 09:48:28'),
(69, 'r', 2, '山下', 0, '0000-00-00 00:00:00', '2015-08-08 09:50:09'),
(70, 's', 2, '山下', 0, '0000-00-00 00:00:00', '2015-08-08 09:56:19'),
(71, 's', 2, '山下', 0, '0000-00-00 00:00:00', '2015-08-08 10:13:05'),
(72, 'あ', 2, '山下', 0, '0000-00-00 00:00:00', '2015-08-08 10:33:08'),
(73, 'k', 2, '山下', 0, '0000-00-00 00:00:00', '2015-08-08 15:23:59'),
(74, '学生時代頑張った事は？\r\n志望動機\r\n長所\r\n短所', 2, '谷口恵介', 0, '0000-00-00 00:00:00', '2015-08-09 03:28:03'),
(75, 'どうして-----しようと思ったの？', 2, '谷口恵介', 0, '0000-00-00 00:00:00', '2015-08-09 03:28:39'),
(76, 'w', 2, '山下', 0, '0000-00-00 00:00:00', '2015-08-09 03:41:23'),
(77, 's', 2, '山下', 0, '0000-00-00 00:00:00', '2015-08-09 04:05:58'),
(78, 'テスト', 2, '山下', 0, '0000-00-00 00:00:00', '2015-08-09 05:01:09'),
(79, 'テスト', 2, '山下', 0, '0000-00-00 00:00:00', '2015-08-09 05:07:47'),
(80, 'テスト', 2, '山下', 0, '0000-00-00 00:00:00', '2015-08-09 05:16:51'),
(81, 'テスト', 2, '山下', 0, '0000-00-00 00:00:00', '2015-08-09 05:17:48'),
(82, 'テスト', 2, '山下', 0, '0000-00-00 00:00:00', '2015-08-09 05:30:49'),
(83, 's', 2, '山下', 0, '2015-08-09 14:45:41', '2015-08-09 05:45:41'),
(84, 's', 2, '荒木健太', 0, '2015-08-09 15:28:36', '2015-08-09 06:28:36'),
(85, 'k', 2, '荒木健太', 0, '2015-08-09 16:37:07', '2015-08-09 07:37:07'),
(86, 'r', 2, '山下', 0, '2015-08-09 17:28:34', '2015-08-09 08:28:34'),
(87, 'd', 6, '山下', 0, '2015-08-09 17:35:28', '2015-08-09 08:35:28'),
(88, 'd', 6, '荒木健太', 0, '2015-08-09 17:36:10', '2015-08-09 08:36:10'),
(89, 'd', 6, '荒木健太', 0, '2015-08-09 17:37:01', '2015-08-09 08:37:01'),
(90, '坂巻', 2, '坂巻', 0, '2015-08-09 17:47:48', '2015-08-09 08:47:48'),
(91, 'き', 2, 'a', 0, '2015-08-09 18:12:28', '2015-08-09 09:12:28'),
(92, 's', 2, 'a', 0, '2015-08-09 18:22:03', '2015-08-09 09:22:03'),
(93, 'g', 2, 'a', 0, '2015-08-09 22:01:54', '2015-08-09 13:01:54'),
(94, 'インターネットってすごいなあ', 3, 'a', 0, '2015-08-09 23:47:08', '2015-08-09 14:47:08'),
(95, 'ウェブサービス作っちゃった', 2, 'a', 0, '2015-08-09 23:49:12', '2015-08-09 14:49:12'),
(96, 'x', 1, 'a', 0, '2015-08-10 11:52:01', '2015-08-10 02:52:01'),
(97, '学生時代頑張った事', 2, '浜田', 0, '2015-08-11 13:52:26', '2015-08-11 04:52:26'),
(98, 'd\r\n\r\n\r\n', 2, 'a', 0, '2015-08-18 14:07:55', '2015-08-18 05:07:55'),
(99, 'ã©ã†ã‹ãªï¼Ÿ', 0, '', 0, '2015-09-02 09:47:14', '2015-09-02 00:47:14'),
(100, 'ã£ã£d', 0, '', 0, '2015-09-02 09:49:29', '2015-09-02 00:49:29'),
(101, 'ãªã‚“ã§ã§ãã‚“ã®', 0, '', 0, '2015-09-02 09:50:02', '2015-09-02 00:50:02'),
(102, 'ã‚¢ãƒ‰ã‚’æ¶ˆã—ã¦ã‚‚ã§ãã‚“ã®ã‹ï¼Ÿ', 0, '', 0, '2015-09-02 09:50:57', '2015-09-02 00:50:57'),
(103, 'ã§ãã¦ã—ã¾ã£ãŸãœ', 0, '', 0, '2015-09-02 09:53:10', '2015-09-02 00:53:10'),
(104, 'cake', 0, '', 0, '2015-09-02 09:53:48', '2015-09-02 00:53:48'),
(105, 'ãƒ—ãƒ­ã‚°ãƒ©ãƒŸãƒ³ã‚°ã‚’ã‚„ã‚‹ãŸã‚ã«ã‚¨ãƒ³ã‚¸ãƒ‹ã‚¢ã«ãªã‚‹å¿…è¦ã¯ãªã„ã¨æ€ã†!ã€€ã‚€ã—ã‚ãƒ—ãƒ­ã‚°ãƒ©ãƒŸãƒ³ã‚°ã§ä½•ãŒã§ãã¦ã©ã‚“ãªã‚µãƒ¼ãƒ“ã‚¹ã‚’ã¤ãã‚Œã‚‹ã‹èª²é¡Œæ„è­˜ã®æ–¹ãŒå¤§åˆ‡ã‹ã‚‚ã—ã‚Œãªã„!', 0, '', 0, '2015-09-02 12:47:33', '2015-09-02 03:47:33');

-- --------------------------------------------------------

--
-- テーブルの構造 `questions`
--

CREATE TABLE `questions` (
  `id` int(11) NOT NULL,
  `question` varchar(11) COLLATE utf8_unicode_ci NOT NULL,
  `post_id` int(11) NOT NULL,
  `member_name_q` varchar(11) COLLATE utf8_unicode_ci NOT NULL
) ENGINE=InnoDB AUTO_INCREMENT=58 DEFAULT CHARSET=utf8 COLLATE=utf8_unicode_ci;

--
-- テーブルのデータのダンプ `questions`
--

INSERT INTO `questions` (`id`, `question`, `post_id`, `member_name_q`) VALUES
(1, '0', 0, '0'),
(2, '0', 0, '0'),
(3, 'あ', 0, '谷口恵介'),
(4, 'あ', 0, '谷口恵介'),
(5, 'a', 0, '谷口恵介'),
(6, 'a', 0, '谷口恵介'),
(7, 'a', 0, '谷口恵介'),
(8, '私の名前は・・・', 0, '谷口恵介'),
(9, 'w', 0, '谷口恵介'),
(10, 'あ', 0, '谷口恵介'),
(11, 'あ', 0, '谷口恵介'),
(12, 'あいか', 0, '谷口恵介'),
(13, 'l', 23, '谷口恵介'),
(14, '亜に対して質問。表示し', 19, '谷口恵介'),
(15, 'え', 35, '谷口恵介'),
(16, 'a', 14, '谷口恵介'),
(17, '', 14, '谷口恵介'),
(18, '名前の由来はなんですか', 42, '荒木健太'),
(19, 'ああああ', 25, '荒木健太'),
(20, 'a', 45, '谷口恵介'),
(21, '最終面接何を聞かれまし', 19, '谷口恵介'),
(22, 'a', 46, '谷口恵介'),
(23, '変更', 59, '谷口恵介'),
(24, 'ログイン者が投稿した内', 62, '山下'),
(25, 'なにを食べましたか？', 71, '山下'),
(26, '何型ですか？', 73, '山下'),
(27, 'あ', 76, '山下'),
(28, 'x', 77, '山下'),
(29, 'x', 77, '山下'),
(30, 'x', 77, '山下'),
(31, 'x', 77, '山下'),
(32, 's', 77, '山下'),
(33, 's', 77, '山下'),
(34, 's', 77, '山下'),
(35, 's', 77, '山下'),
(36, 'できた', 77, '山下'),
(37, 'd', 85, '荒木健太'),
(38, '坂巻', 90, '坂巻'),
(39, '4', 91, 'a'),
(40, 'k', 90, 'a'),
(41, 'すごいじゃん！', 95, '浜田'),
(42, 'd', 97, 'a'),
(43, 'ã©ã†ã‹ã', 0, ''),
(44, 'gg', 0, ''),
(45, 'k', 0, ''),
(46, 'ã©ã†ã‹ã', 0, ''),
(47, 'ã©ã†ã‹ã', 0, ''),
(48, '', 0, ''),
(49, '', 0, ''),
(50, 'h', 0, ''),
(51, 'gg', 0, ''),
(52, 'gg', 0, ''),
(53, 'ã‚‚', 0, ''),
(54, 'ã§ããŸã', 0, ''),
(55, 'dd', 0, ''),
(56, 'h', 0, ''),
(57, 'k', 0, '');

-- --------------------------------------------------------

--
-- テーブルの構造 `staffs`
--

CREATE TABLE `staffs` (
  `code` int(11) NOT NULL,
  `name` varchar(15) COLLATE utf8_unicode_ci NOT NULL,
  `password` varchar(32) COLLATE utf8_unicode_ci NOT NULL
) ENGINE=InnoDB AUTO_INCREMENT=5 DEFAULT CHARSET=utf8 COLLATE=utf8_unicode_ci;

--
-- テーブルのデータのダンプ `staffs`
--

INSERT INTO `staffs` (`code`, `name`, `password`) VALUES
(2, 'keisuke', '13a293b0c34d67a07364062cdc356b5c'),
(3, '小川', 'd39431c0cf2ce7154391f5276c5ca398'),
(4, '荒木', 'e07b3e6731cd470965b545a859300b09');

-- --------------------------------------------------------

--
-- テーブルの構造 `users`
--

CREATE TABLE `users` (
  `id` int(11) NOT NULL,
  `uni_name` varchar(15) COLLATE utf8_unicode_ci NOT NULL,
  `major` int(11) NOT NULL,
  `graduate` int(30) NOT NULL,
  `danjo` int(11) NOT NULL,
  `username` varchar(15) COLLATE utf8_unicode_ci NOT NULL,
  `email` varchar(32) COLLATE utf8_unicode_ci NOT NULL,
  `password` varchar(32) COLLATE utf8_unicode_ci NOT NULL,
  `know` varchar(30) COLLATE utf8_unicode_ci NOT NULL,
  `score` int(11) NOT NULL
) ENGINE=InnoDB AUTO_INCREMENT=25 DEFAULT CHARSET=utf8 COLLATE=utf8_unicode_ci;

--
-- テーブルのデータのダンプ `users`
--

INSERT INTO `users` (`id`, `uni_name`, `major`, `graduate`, `danjo`, `username`, `email`, `password`, `know`, `score`) VALUES
(18, '', 0, 0, 0, 'kikuchi', '', 'kikuchi', '', 0),
(19, '', 0, 0, 0, 'ã‚ã‚„ã®', '', 'ayano', '', 0),
(20, '', 0, 0, 0, 'ããã¡', '', 'kikuchi', '', 0),
(21, '', 0, 0, 0, 'kikuchi', '', 'kikuchi', '', 0),
(22, '', 0, 0, 0, 'keisuke', '', 'keisuke', '', 0),
(23, '', 0, 0, 0, 'å°å·', '', 'ogawa', '', 0),
(24, '', 0, 0, 0, 'è’æœ¨', '', 'araki', '', 0);

--
-- Indexes for dumped tables
--

--
-- Indexes for table `advice`
--
ALTER TABLE `advice`
  ADD PRIMARY KEY (`id`);

--
-- Indexes for table `answers`
--
ALTER TABLE `answers`
  ADD PRIMARY KEY (`id`);

--
-- Indexes for table `companies`
--
ALTER TABLE `companies`
  ADD PRIMARY KEY (`id`);

--
-- Indexes for table `company_member_records`
--
ALTER TABLE `company_member_records`
  ADD PRIMARY KEY (`id`);

--
-- Indexes for table `kotoba`
--
ALTER TABLE `kotoba`
  ADD PRIMARY KEY (`id`);

--
-- Indexes for table `posts`
--
ALTER TABLE `posts`
  ADD PRIMARY KEY (`id`);

--
-- Indexes for table `questions`
--
ALTER TABLE `questions`
  ADD PRIMARY KEY (`id`);

--
-- Indexes for table `staffs`
--
ALTER TABLE `staffs`
  ADD PRIMARY KEY (`code`);

--
-- Indexes for table `users`
--
ALTER TABLE `users`
  ADD PRIMARY KEY (`id`);

--
-- AUTO_INCREMENT for dumped tables
--

--
-- AUTO_INCREMENT for table `advice`
--
ALTER TABLE `advice`
  MODIFY `id` int(11) NOT NULL AUTO_INCREMENT,AUTO_INCREMENT=30;
--
-- AUTO_INCREMENT for table `answers`
--
ALTER TABLE `answers`
  MODIFY `id` int(11) NOT NULL AUTO_INCREMENT,AUTO_INCREMENT=36;
--
-- AUTO_INCREMENT for table `companies`
--
ALTER TABLE `companies`
  MODIFY `id` int(11) NOT NULL AUTO_INCREMENT,AUTO_INCREMENT=23;
--
-- AUTO_INCREMENT for table `company_member_records`
--
ALTER TABLE `company_member_records`
  MODIFY `id` int(11) NOT NULL AUTO_INCREMENT,AUTO_INCREMENT=22;
--
-- AUTO_INCREMENT for table `kotoba`
--
ALTER TABLE `kotoba`
  MODIFY `id` int(11) NOT NULL AUTO_INCREMENT,AUTO_INCREMENT=26;
--
-- AUTO_INCREMENT for table `posts`
--
ALTER TABLE `posts`
  MODIFY `id` int(11) NOT NULL AUTO_INCREMENT,AUTO_INCREMENT=106;
--
-- AUTO_INCREMENT for table `questions`
--
ALTER TABLE `questions`
  MODIFY `id` int(11) NOT NULL AUTO_INCREMENT,AUTO_INCREMENT=58;
--
-- AUTO_INCREMENT for table `staffs`
--
ALTER TABLE `staffs`
  MODIFY `code` int(11) NOT NULL AUTO_INCREMENT,AUTO_INCREMENT=5;
--
-- AUTO_INCREMENT for table `users`
--
ALTER TABLE `users`
  MODIFY `id` int(11) NOT NULL AUTO_INCREMENT,AUTO_INCREMENT=25;
/*!40101 SET CHARACTER_SET_CLIENT=@OLD_CHARACTER_SET_CLIENT */;
/*!40101 SET CHARACTER_SET_RESULTS=@OLD_CHARACTER_SET_RESULTS */;
/*!40101 SET COLLATION_CONNECTION=@OLD_COLLATION_CONNECTION */;
